engine_id,y_true_clipped,y_true_raw,y_pred_seed0,y_pred_seed1,y_pred_seed2,y_pred_seed3,y_pred_seed4,y_pred_seed5,y_pred_seed6,y_pred_seed7,y_pred_seed8,y_pred_seed9,y_pred_mean
1,44.0,44.0,45.45023,47.224674,41.917492,40.132908,43.620926,51.25728,45.97946,45.150562,41.077538,38.612183,44.042328
2,51.0,51.0,68.74935,82.60833,57.4621,67.12459,74.27773,68.458206,73.33297,57.955143,55.07953,72.47286,67.75208
3,27.0,27.0,42.731026,40.96838,23.44955,29.331379,32.032154,30.67128,33.257957,32.945595,33.229107,31.61191,33.02283
4,120.0,120.0,117.52071,120.16281,118.857574,122.35496,122.706276,118.16366,125.06065,119.45265,114.706825,123.00535,120.19914
5,101.0,101.0,120.805954,116.56984,118.76931,113.424995,116.09955,122.517426,121.31958,115.418045,117.03997,119.36692,118.13316
6,99.0,99.0,118.241264,119.266365,118.04701,119.33086,119.292206,112.494675,119.30229,109.84565,112.38951,117.96253,116.61723
7,71.0,71.0,48.51587,47.58911,41.82513,36.94367,51.719673,37.846672,54.551277,35.278866,44.91028,48.75401,44.793453
8,55.0,55.0,37.97589,54.58881,58.31115,43.29174,52.118507,71.61573,54.79988,52.63752,51.3581,47.09838,52.37957
9,55.0,55.0,52.805504,56.366066,59.66351,50.510548,76.03927,83.53655,62.513817,64.83715,57.239918,53.8593,61.737164
10,66.0,66.0,70.04053,76.29895,76.76959,67.41233,64.233444,64.46191,73.59472,69.08828,71.615326,72.846565,70.636154
11,77.0,77.0,75.96433,72.57722,72.18227,74.773705,78.24659,74.29918,81.78546,75.03974,71.67049,65.31409,74.1853
12,115.0,115.0,119.275955,117.09324,110.93615,120.95758,119.22828,109.09122,121.61565,112.173706,115.30437,118.57132,116.42474
13,115.0,115.0,114.43927,114.28669,114.02408,114.48021,110.15821,105.46599,117.45126,105.38552,113.762054,114.57155,112.40248
14,31.0,31.0,19.16481,28.015518,29.912533,29.59185,26.993801,30.82234,27.863918,27.216217,30.005463,20.966917,27.055338
15,108.0,108.0,119.80717,111.50129,120.84028,113.808235,111.91639,107.92438,113.84451,108.23067,116.812485,107.5407,113.222595
16,56.0,56.0,116.315865,114.135155,119.64734,117.752815,111.145256,124.33543,122.051575,114.382965,118.53226,122.48398,118.07826
17,125.0,136.0,115.78171,108.04194,121.26831,112.38226,109.15575,112.163925,116.30221,112.36439,113.72491,108.67028,112.98556
18,125.0,132.0,113.42341,108.856346,120.65367,107.29713,108.719185,114.724236,110.94557,98.99185,113.36995,110.646675,110.762794
19,85.0,85.0,121.78609,119.159325,119.39998,118.89571,111.78742,119.69036,121.41712,115.76563,119.85015,116.44079,118.419266
20,56.0,56.0,64.738,72.36146,57.11671,55.322155,59.92632,60.285084,64.92952,68.98896,60.30395,62.64923,62.66214
21,18.0,18.0,17.22253,25.90207,17.250591,13.514598,10.742924,26.090372,13.194292,11.943884,11.984497,13.66234,16.150808
22,119.0,119.0,123.2595,118.51633,124.21252,122.963615,116.95057,121.93819,123.56521,120.01004,121.0733,120.77846,121.32677
23,78.0,78.0,79.45845,75.1665,69.75924,75.28961,70.87021,63.96084,75.909,82.631256,71.27229,61.300858,72.56182
24,9.0,9.0,5.829264,8.825931,4.371962,3.4306505,5.759093,10.101709,5.734182,3.8164246,4.991581,6.5376987,5.93985
25,58.0,58.0,47.954468,62.843536,61.61426,67.6886,64.47765,86.26971,65.896774,58.163647,57.401268,61.366215,63.367607
26,11.0,11.0,10.241598,16.55914,14.118932,10.1092005,11.80131,13.420568,11.91299,9.031363,9.019832,15.446366,12.166129
27,88.0,88.0,113.14796,114.84753,115.215096,102.87902,106.943794,106.97113,117.49102,106.46039,114.31418,105.46723,110.37374
28,125.0,144.0,122.182465,115.762405,122.49167,122.479614,119.375984,121.26878,121.7631,120.3933,123.00305,121.893005,121.061356
29,124.0,124.0,119.099785,122.21071,119.5025,122.015366,112.36265,109.89442,124.74391,104.6532,106.44564,123.75901,116.46873
30,89.0,89.0,85.144485,83.00181,78.23414,76.92958,72.143654,82.64176,85.976875,78.81956,80.78201,72.13333,79.58071
31,79.0,79.0,64.12938,67.47779,76.000725,69.19817,67.1183,74.02512,79.03507,71.00801,80.18523,67.58939,71.57672
32,55.0,55.0,44.076412,48.33914,44.941296,55.537148,54.617626,50.84104,63.3352,54.28935,61.634064,47.44974,52.506104
33,71.0,71.0,82.328735,78.80276,84.88694,94.00889,75.68097,75.56241,89.18787,78.46131,76.97553,79.97576,81.58711
34,65.0,65.0,77.40336,73.98691,78.41421,109.24706,100.3998,94.77789,88.70379,80.12274,100.697426,73.38351,87.71367
35,87.0,87.0,95.01486,108.38526,115.65311,104.391785,98.14068,114.78047,97.217735,105.262886,108.261955,89.57784,103.668655
36,125.0,137.0,120.14382,118.446846,121.59771,119.23033,121.334595,118.10574,118.552956,111.26865,120.22841,113.94791,118.28569
37,125.0,145.0,123.19016,120.962875,121.82165,121.53194,119.61381,120.25097,122.61185,118.209496,120.94107,121.52629,121.066
38,22.0,22.0,33.365902,34.586845,32.153606,29.507074,32.369934,45.372448,32.090008,27.560452,30.277596,27.28588,32.456978
39,8.0,8.0,12.670771,12.879953,7.8769374,7.5265903,8.769602,13.95698,10.160958,6.910043,9.1532545,11.585144,10.149023
40,41.0,41.0,42.53291,45.227795,35.15898,38.446537,39.524635,42.443253,41.473206,34.905666,35.414394,40.637512,39.57649
41,125.0,131.0,121.82299,118.36136,123.240906,119.46928,120.82635,119.722595,120.56807,115.75496,118.24074,119.760506,119.77677
42,115.0,115.0,85.57894,102.1084,87.310074,114.681274,110.91446,109.03863,93.48001,95.42929,106.83694,80.46202,98.58401
43,125.0,128.0,121.0055,120.666336,123.00246,115.31868,119.5892,121.817764,113.88985,114.431564,119.861244,112.179955,118.17625
44,69.0,69.0,58.058582,55.20666,60.879875,64.32182,99.529465,59.83172,71.66908,65.15781,80.24472,64.295166,67.919495
45,111.0,111.0,124.45301,123.15327,124.215614,124.416534,121.842354,123.38457,124.26036,122.14881,123.73754,124.50242,123.61145
46,7.0,7.0,9.830139,18.398258,10.7332115,6.9650784,6.041623,19.118298,7.1123915,8.010231,6.4882164,7.232637,9.993009
47,125.0,137.0,123.31657,122.971,122.87423,121.55727,120.50041,118.53967,119.332405,116.765076,120.61584,121.15287,120.76253
48,55.0,55.0,40.41844,54.679943,56.09574,52.621346,49.02034,49.09033,52.679665,49.71093,54.695576,45.598713,50.4611
49,125.0,135.0,117.66551,115.1547,121.280945,111.56283,119.89918,121.17427,120.09967,112.62984,111.14091,118.12344,116.87312
50,11.0,11.0,13.926799,16.492682,13.4814,20.707216,15.932324,15.54013,16.557213,12.942141,17.396894,13.127606,15.61044
51,78.0,78.0,97.80044,97.62602,102.91023,86.71329,98.86988,105.975784,98.162346,92.10837,73.39748,92.76759,94.63314
52,120.0,120.0,121.315125,115.660164,117.46902,114.770256,108.73875,117.30375,119.94476,116.71598,120.00029,113.80313,116.57212
53,87.0,87.0,118.48141,118.90966,116.61626,119.02718,117.51099,113.46086,120.4985,115.19429,115.48764,120.13301,117.53198
54,87.0,87.0,123.42361,123.070015,123.368416,123.39708,121.762505,120.70659,104.17051,119.996086,125.59303,118.05069,120.35386
55,55.0,55.0,44.25104,62.237434,48.87411,43.98345,67.467285,69.131874,60.810974,53.429195,56.280632,45.871887,55.233788
56,93.0,93.0,76.80949,82.73256,70.641426,69.67859,88.43252,76.253586,88.676285,93.951675,96.54866,75.93885,81.966354
57,88.0,88.0,64.16596,58.59727,65.180534,53.989475,58.529728,76.540016,71.38769,60.145744,66.600105,77.191124,65.232765
58,40.0,40.0,43.810402,43.962444,38.04077,44.19043,42.48894,49.642277,41.1676,41.908783,41.823982,43.979507,43.101513
59,49.0,49.0,38.62082,42.008923,42.30402,44.0779,43.361816,43.190296,46.3471,39.27399,44.405834,39.469154,42.30598
60,125.0,128.0,111.8323,108.50154,101.30169,99.97694,106.00473,105.00001,106.0491,104.99935,104.64501,102.407974,105.07186
61,125.0,129.0,124.097725,123.20313,124.79801,121.29707,123.23565,122.01914,122.01252,117.6074,124.0222,123.40655,122.56993
62,58.0,58.0,49.325676,48.537006,58.92981,53.997253,50.55508,53.21436,51.490074,52.741177,55.685257,47.652863,52.212852
63,117.0,117.0,104.73447,117.60762,121.574394,114.04879,107.57598,120.20069,119.63603,116.14168,119.747025,113.76392,115.50307
64,28.0,28.0,26.354132,34.259865,24.535656,27.180582,24.05166,37.392876,27.331858,23.079296,24.751436,28.390192,27.732758
65,115.0,115.0,124.73719,123.094765,124.37223,124.28047,123.25179,124.53951,124.38455,123.84086,124.77896,124.93993,124.22203
66,87.0,87.0,99.04876,106.19541,96.18515,93.20136,103.01377,107.23989,105.3617,93.52648,105.27007,77.77532,98.68179
67,92.0,92.0,117.67327,113.45733,116.287224,105.17099,101.11277,112.55631,118.736145,107.90942,113.9427,111.51632,111.83626
68,103.0,103.0,110.39896,114.489044,115.89306,106.516205,116.389786,115.07955,109.5026,100.122246,97.887276,104.546394,109.08252
69,100.0,100.0,122.795334,121.24796,122.12758,121.990814,116.9839,118.85866,122.6075,118.278824,121.0095,119.690834,120.55908
70,63.0,63.0,68.97667,76.043884,74.01841,47.591442,88.507355,87.517395,76.835846,77.658,57.44429,90.83152,74.54248
71,35.0,35.0,39.13462,34.919926,17.857443,36.08783,27.787594,25.458044,31.649435,26.314318,28.29405,23.8377,29.134094
72,45.0,45.0,50.421963,57.546318,47.643566,45.318874,49.20644,54.07982,50.487534,46.834106,49.673275,44.997646,49.620956
73,99.0,99.0,120.98536,117.36966,120.69464,116.39621,112.82632,118.56234,118.877205,110.62169,118.82703,118.70169,117.38621
74,117.0,117.0,124.82296,123.849434,124.8491,125.51017,122.64093,123.82397,125.510506,123.335785,124.58073,125.57337,124.44969
75,45.0,45.0,52.912327,49.81326,49.248127,51.163822,46.665955,45.288292,53.84907,48.211525,49.57084,45.685097,49.240826
76,27.0,27.0,30.694721,30.132029,26.700941,26.29428,27.354172,33.27255,30.773045,25.241896,24.340788,20.12578,27.493021
77,86.0,86.0,68.33133,66.901955,63.349323,68.038536,65.250435,65.067245,74.66562,67.80764,63.618385,56.954502,65.9985
78,20.0,20.0,26.26888,31.516535,18.33,18.957273,17.235506,27.816923,19.63533,20.95862,19.578028,20.595419,22.089252
79,18.0,18.0,19.584785,25.67017,22.140535,27.26877,24.486969,23.985994,27.217634,24.616587,25.761057,21.095293,24.182781
80,125.0,133.0,125.28062,125.3913,125.41366,124.50255,124.49736,125.46799,125.326225,125.21967,124.52179,125.86914,125.149025
81,15.0,15.0,15.602768,19.86418,11.6671915,15.609561,12.5984955,25.272142,15.150072,13.186031,12.864015,14.435924,15.625038
82,6.0,6.0,7.9689856,13.004584,6.2032094,4.6836724,6.132046,12.922673,6.6327543,5.7420397,5.8686967,5.2282457,7.438691
83,125.0,145.0,123.14546,112.293205,119.27668,123.19402,122.59606,117.927734,124.73585,119.87851,122.35579,123.05511,120.84584
84,104.0,104.0,108.147896,105.78404,108.47496,102.78057,92.87084,98.63946,106.6177,98.10612,103.51229,106.39763,103.133156
85,56.0,56.0,75.3256,73.62061,90.45433,86.318214,72.44033,80.848236,83.81647,78.42082,89.21708,69.43335,79.98951
86,25.0,25.0,20.254793,20.868917,18.850845,24.331034,20.3826,21.483263,22.247927,20.053247,21.482285,18.209726,20.816463
87,68.0,68.0,51.64954,63.094013,69.0427,58.035034,54.88889,61.663914,64.52665,58.15703,64.10456,57.85982,60.302208
88,125.0,144.0,124.79413,124.016075,124.50209,124.55144,123.209724,124.107086,124.686905,123.83052,124.44087,125.138855,124.32776
89,41.0,41.0,50.669323,45.96139,51.892467,46.597847,39.68384,45.119587,43.863304,46.811295,47.639587,43.415325,46.165398
90,51.0,51.0,60.858788,55.352066,59.115463,56.426537,58.703773,52.56977,58.70324,54.683384,59.862827,51.467937,56.774384
91,81.0,81.0,109.352356,108.10833,93.6626,110.572945,100.116035,106.92485,96.434425,97.18298,92.49126,97.71524,101.2561
92,14.0,14.0,18.478512,18.437199,10.105146,12.086844,12.9654045,17.444357,14.858632,11.918009,12.404897,11.454519,14.015352
93,67.0,67.0,62.100666,68.4051,80.86545,69.733955,70.42922,80.37764,74.733635,70.87355,74.54639,64.77991,71.684555
94,10.0,10.0,6.1014786,7.973646,3.3472369,2.5022967,4.040773,8.341395,4.528223,2.5857391,3.569707,4.9369345,4.792743
95,125.0,127.0,93.20935,100.64073,115.73604,103.17064,100.44956,111.781815,108.078354,100.11166,101.60651,88.65869,102.34434
96,113.0,113.0,98.603096,105.24029,74.59091,95.45166,96.971825,81.616394,97.19546,83.53422,90.61107,94.37891,91.81938
97,123.0,123.0,124.556015,123.049706,124.79761,124.25211,123.25342,123.91838,123.80844,123.293236,124.490135,124.644196,124.00631
98,17.0,17.0,16.830732,15.518218,13.500387,20.229559,15.30937,17.026073,16.308296,15.960365,16.39551,14.80053,16.187904
99,8.0,8.0,13.195233,12.09171,7.866569,7.811847,8.429734,13.06305,10.401804,6.990053,8.113692,10.058964,9.802266
100,28.0,28.0,26.47579,32.501087,21.420279,24.748539,21.933897,37.276657,23.463184,21.1354,22.352428,23.501585,25.480885
