seed,primary_rmse,primary_mae,primary_nasa_score,primary_within_5,primary_within_10,primary_within_15,secondary_rmse,secondary_mae,secondary_nasa_score,secondary_within_5,secondary_within_10,secondary_within_15
0,14.556751251220703,10.721096992492676,471.6509094238281,0.41,0.55,0.69,16.08179473876953,12.281098365783691,517.2779541015625,0.36,0.49,0.61
1,15.08642292022705,11.475894927978516,495.0926818847656,0.33,0.57,0.66,16.64127540588379,13.034480094909668,542.8102416992188,0.29,0.5,0.57
2,15.105677604675293,11.136290550231934,536.6365356445312,0.35,0.65,0.72,16.494455337524414,12.692761421203613,575.8369750976562,0.32,0.56,0.63
3,14.71357536315918,10.847184181213379,501.64031982421875,0.37,0.61,0.7,16.046615600585938,12.391748428344727,538.2623291015625,0.33,0.53,0.6
4,14.691341400146484,10.813462257385254,525.73193359375,0.37,0.59,0.7,16.14292335510254,12.373461723327637,566.2868041992188,0.33,0.52,0.61
5,14.750080108642578,10.59066390991211,559.2615356445312,0.41,0.59,0.7,16.36374855041504,12.150664329528809,606.98681640625,0.37,0.55,0.61
6,14.626307487487793,10.681312561035156,506.5268859863281,0.38,0.57,0.73,16.310470581054688,12.236236572265625,556.7809448242188,0.36,0.53,0.65
7,14.614813804626465,10.790146827697754,519.7627563476562,0.4,0.55,0.71,16.18021011352539,12.350146293640137,565.5715942382812,0.36,0.49,0.63
8,14.872971534729004,10.916443824768066,563.9554443359375,0.38,0.58,0.72,16.317298889160156,12.469425201416016,605.1583862304688,0.34,0.49,0.65
9,14.418893814086914,10.697011947631836,481.1539611816406,0.34,0.59,0.69,15.940716743469238,12.257011413574219,524.3583984375,0.3,0.51,0.6
